artist,genres
21 Savage,No Genre
Rich The Kid,trap
Lil Mosey,melodic rap
Lil Uzi Vert,melodic rap
Blueface,No Genre
A Boogie Wit da Hoodie,melodic rap
French Montana,No Genre
Xavier Weeks,melodic rap
DaBaby,No Genre
YoungBoy Never Broke Again,No Genre
Denzel Curry,No Genre
Pop Smoke,brooklyn drill
Pop Smoke,new york drill
Pop Smoke,drill
Lil Tjay,brooklyn drill
Lil Tjay,melodic rap
XXXTENTACION,emo rap
Rod Wave,No Genre
Luh Kel,No Genre
Drama Relax,No Genre
Sleepy Hallow,brooklyn drill
Sleepy Hallow,new york drill
Meek Mill,rap
Migos,trap
NAV,melodic rap
NLE Choppa,No Genre
iann dior,melodic rap
Vicknationz,No Genre
Ron Suno,new york drill
Ron Suno,drill
Ron Suno,brooklyn drill
Sheff G,brooklyn drill
Sheff G,new york drill
Sheff G,drill
Quando Rondo,melodic rap
Kendrick Lamar,hip hop
Kendrick Lamar,west coast hip hop
Trap Manny,new york drill
Trap Manny,brooklyn drill
Internet Money,No Genre
Young Thug,rap
Young Thug,melodic rap
Young Thug,trap
Future,rap
Jay Critch,brooklyn drill
Jay Critch,new york drill
Smoove'L,brooklyn drill
Smoove'L,new york drill
Smoove'L,drill
Lil Durk,chicago drill
Lil Durk,drill
icyslug,No Genre
Joyner Lucas,No Genre
Lil Tecca,melodic rap
Lil Tecca,rap
Polo G,No Genre
Ski Mask The Slump God,No Genre
Don Toliver,No Genre
Only The Family,chicago drill
Rozei,No Genre
Trippie Redd,melodic rap
Post Malone,No Genre
Drake,rap
Jack Harlow,No Genre
Lil Skies,melodic rap
Gunna,melodic rap
Teejayx6,No Genre
Lil Baby,No Genre
Lil Yachty,No Genre
Roddy Ricch,melodic rap
Ace Hood,No Genre
Kevin Gates,No Genre
G Herbo,chicago drill
G Herbo,drill
The Chicharones,underground hip hop
TJ Porter,No Genre
J.I the Prince of N.Y,No Genre
Lil Wayne,rap
Lil Wayne,hip hop
Coda,anime
22Gz,brooklyn drill
22Gz,new york drill
22Gz,drill
Casanova,brooklyn drill
MaxThaDemon,new york drill
MaxThaDemon,brooklyn drill
MaxThaDemon,drill
Famous Dex,No Genre
PnB Rock,melodic rap
Murda Beatz,No Genre
Ugly God,No Genre
Metro Boomin,No Genre
Tee Grizzley,No Genre
Plies,southern hip hop
Rvssian,trap latino
Quality Control,No Genre
Cordae,No Genre
24kGoldn,No Genre
Mustard,No Genre
Lorde,No Genre
Camila Cabello,No Genre
Pitbull,No Genre
Tyga,No Genre
5 Seconds of Summer,No Genre
Shontelle,No Genre
"Tyler, The Creator",No Genre
Tove Lo,No Genre
Cardi B,No Genre
Kesha,No Genre
Gym Class Heroes,No Genre
DJ Khaled,No Genre
Kanye West,rap
Lauv,No Genre
Bruno Mars,No Genre
Waka Flocka Flame,No Genre
OneRepublic,soft pop
Snakehips,No Genre
Ne-Yo,No Genre
Demi Lovato,No Genre
SZA,r&b
Daft Punk,french house
Daft Punk,electronic
Daft Punk,electro
Rihanna,No Genre
OMI,No Genre
CeeLo Green,No Genre
LunchMoney Lewis,No Genre
Clean Bandit,No Genre
Avicii,edm
The Script,No Genre
Comethazine,No Genre
Rick Ross,southern hip hop
Playboi Carti,rage rap
benny blanco,No Genre
H.E.R.,r&b
Bankrol Hayden,melodic rap
Chris Brown,r&b
YNW Melly,melodic rap
Khalid,No Genre
Kodak Black,No Genre
Juice WRLD,melodic rap
Juice WRLD,emo rap
Jay Gwuapo,brooklyn drill
Jay Gwuapo,new york drill
Trill Ryan,No Genre
Travis Barker,rap rock
Shordie Shordie,No Genre
Russ,No Genre
Rae Sremmurd,No Genre
PARTYNEXTDOOR,dark r&b
PARTYNEXTDOOR,r&b
PARTYNEXTDOOR,trap soul
MarMar Oso,No Genre
Lxst,emo rap
YungManny,No Genre
Vance Joy,folk pop
Quin Nfn,No Genre
DRAM,No Genre
LBS Kee'vin,No Genre
Smokepurpp,No Genre
Godfather of Harlem,No Genre
Fivio Foreign,brooklyn drill
Fivio Foreign,new york drill
Fivio Foreign,drill
Fivio Foreign,uk drill
YBN Nahmir,No Genre
J. Cole,rap
Sada Baby,No Genre
KYLE,No Genre
Prostitute Disfigurement,death metal
Prostitute Disfigurement,grindcore
JACKBOYS,No Genre
Travis Scott,rap
Joseph Black,No Genre
Young M.A,No Genre
Calboy,melodic rap
Tory Lanez,No Genre
YSN Flow,melodic rap
Yella Beezy,No Genre
Quinn XCII,No Genre
Wiz Khalifa,rap
Dj Showtime,No Genre
WALK THE MOON,No Genre
Kygo,tropical house
Train,soft pop
Imagine Dragons,No Genre
The Chainsmokers,No Genre
Zedd,edm
Charlie Puth,soft pop
Charlie Puth,pop
Tom Spander,No Genre
MØ,No Genre
DDG,No Genre
DNCE,No Genre
Cheat Codes,No Genre
Iggy Azalea,No Genre
Adele,soft pop
Marc E. Bassy,No Genre
Bazzi,No Genre
Dreamville,No Genre
Stunna 4 Vegas,No Genre
Skepta,grime
Skepta,uk grime
Lil Xxel,No Genre
Almighty Jay,No Genre
lil paycheck,No Genre
Jackson Breit,No Genre
Ambjaay,No Genre
Eminem,rap
Eminem,hip hop
Logic,No Genre
Jacquees,r&b
Jacquees,trap soul
Summer Walker,r&b
Yung Bans,cloud rap
Pradababy,melodic rap
Nipsey Hussle,west coast hip hop
Gucci Mane,southern hip hop
Gucci Mane,rap
Gucci Mane,trap
Nebu Kiniza,No Genre
2KBABY,No Genre
NoCap,No Genre
Turbo,No Genre
The Kid LAROI,No Genre
Baby Keem,No Genre
Anthony Finesse,No Genre
Marty Mooliano,No Genre
Sebastin Sanjay,lo-fi hip hop
Flight,No Genre
Wale,No Genre
H20 Hadd,No Genre
Eric Bellinger,trap soul
Flipp Dinero,melodic rap
THE SCOTTS,No Genre
Jay Rock,No Genre
YFN Lucci,No Genre
B.o.B,No Genre
Iyaz,No Genre
Akon,No Genre
Earl Sweatshirt,experimental hip hop
Earl Sweatshirt,alternative hip hop
King Von,chicago drill
King Von,drill
Miguel,r&b
Toro y Moi,chillwave
Three Days Grace,post-grunge
Three Days Grace,rock
The Beatnuts,east coast hip hop
The Beatnuts,old school hip hop
The Beatnuts,hip hop
The Gap Band,funk
The Gap Band,quiet storm
Supa Bwe,No Genre
SOB X RBE,hyphy
Sheck Wes,No Genre
Rich Brian,indonesian hip hop
PRhyme,No Genre
Cal-A,stutter house
Lil' Flip,southern hip hop
Lil' Flip,crunk
Alison Wonderland,edm trap
Alison Wonderland,future bass
Alison Wonderland,edm
Ball Park Music,No Genre
Black Veil Brides,emo
Black Veil Brides,screamo
Dribble2much,No Genre
Dua Lipa,pop
Good Times Ahead,No Genre
Higher Brothers,chinese hip hop
Higher Brothers,chinese r&b
A$AP Twelvyy,No Genre
Mase,No Genre
C & C Music Factory,No Genre
Naughty By Nature,old school hip hop
Naughty By Nature,east coast hip hop
Sammy Hagar,glam metal
Sammy Hagar,aor
Sammy Hagar,classic rock
Outkast,southern hip hop
Outkast,hip hop
THEY.,No Genre
Nas,east coast hip hop
Nas,old school hip hop
Nas,hip hop
Dame D.O.L.L.A,No Genre
Rag'n'Bone Man,No Genre
Gang Starr,east coast hip hop
Gang Starr,old school hip hop
Gang Starr,hip hop
Gang Starr,boom bap
Bag Raiders,alternative dance
Club Dogo,italian trap
Major Lazer,moombahton
Jamie xx,No Genre
G-Eazy,No Genre
Kiiara,No Genre
Lil Kleine,No Genre
The Internet,alternative r&b
The Internet,neo soul
Dougie F,No Genre
Diddy,hip hop
Diddy,east coast hip hop
Jain,french pop
Sofi de la Torre,No Genre
Ghemon,No Genre
Yuksek,nu disco
Yuksek,french house
Yuksek,french indie pop
Yuksek,disco house
Yuksek,funky house
Yuksek,indie dance
The 1975,No Genre
Kali Uchis,No Genre
mgk,No Genre
M.I.A.,No Genre
Friendly Fires,new rave
Friendly Fires,indie dance
Santigold,No Genre
Emicida,brazilian hip hop
Emicida,nova mpb
Ana Tijoux,latin hip hop
AM444,No Genre
Dynamicduo,k-rap
Dynamicduo,k-pop
Living Colour,funk rock
Living Colour,hard rock
Jeru The Damaja,east coast hip hop
Jeru The Damaja,boom bap
Jeru The Damaja,old school hip hop
Jeru The Damaja,hip hop
A Tribe Called Quest,jazz rap
A Tribe Called Quest,east coast hip hop
A Tribe Called Quest,hip hop
A Tribe Called Quest,old school hip hop
Afrika Bambaataa,miami bass
Afrika Bambaataa,funk melody
Afrika Bambaataa,old school hip hop
Afrika Bambaataa,east coast hip hop
Black Rebel Motorcycle Club,southern gothic
Black Rebel Motorcycle Club,garage rock
Black Rebel Motorcycle Club,blues rock
Busta Rhymes,east coast hip hop
Clipse,southern hip hop
Death From Above 1979,garage rock
Depeche Mode,new wave
Depeche Mode,synthpop
Depeche Mode,darkwave
Junior,No Genre
Ms. Lauryn Hill,neo soul
Missy Elliott,hip hop
No Doubt,No Genre
Pharrell Williams,No Genre
Public Enemy,old school hip hop
Public Enemy,east coast hip hop
Public Enemy,hip hop
Public Enemy,hardcore hip hop
Ratatat,No Genre
Red Hot Chili Peppers,funk rock
Red Hot Chili Peppers,alternative rock
Red Hot Chili Peppers,rock
Snoop Dogg,g-funk
Snoop Dogg,west coast hip hop
Snoop Dogg,gangster rap
Snoop Dogg,hip hop
Snoop Dogg,old school hip hop
Snoop Dogg,rap
Strafe,freestyle
The Black Keys,blues rock
The Black Keys,garage rock
The Black Keys,modern blues
The Black Keys,rock
The Rapture,new rave
The Rapture,indie dance
The Rapture,electroclash
The Rapture,alternative dance
The Strokes,garage rock
The Strokes,indie rock
The Strokes,alternative rock
Martin O'Donnell,soundtrack
Video Games Live,No Genre
Aaron Taos,No Genre
YG Rob,No Genre
Fetty Wap,No Genre
Coi Leray,No Genre
Ellie Goulding,No Genre
Lovely Peaches,No Genre
Zhavaughn Reed,No Genre
Barlito,No Genre
Ant Beale,No Genre
6ix9ine,No Genre
Lil Zechariah,cloud rap
A$AP Rocky,rap
Jinx Da Rebel,No Genre
RONNY J,argentine trap
YBN (Young Boss N*ggas),No Genre
Halsey,No Genre
Lud Foe,chicago drill
Oh Wonder,No Genre
Ed Sheeran,soft pop
Shotgun Willy,No Genre
Apollo Fresh,anime
Apollo Fresh,anime rap
Bklue Rollxn,No Genre
PRETTYMUCH,No Genre
2Pac,old school hip hop
2Pac,gangster rap
2Pac,west coast hip hop
2Pac,g-funk
2Pac,hip hop
No Jumper,No Genre
Roy Woods,trap soul
Lil Peep,emo rap
Lil Peep,cloud rap
Rico Cocchi,No Genre
C5,No Genre
LPB Poody,No Genre
Moneybagg Yo,No Genre
A$AP Mob,No Genre
Cavetown,bedroom pop
Kyler Fisher,No Genre
Matteu$$,No Genre
Jess Glynne,No Genre
Becky G,reggaeton
Becky G,latin
USHER,r&b
Owl City,No Genre
fun.,No Genre
Coldplay,No Genre
Sean Kingston,No Genre
Curly J,jersey club
AZ Chike,hyphy
One Direction,No Genre
Lil Richard,No Genre
Sheem Kluaf,No Genre
Lil Muk,No Genre
Shawn Mendes,No Genre
Billie Eilish,No Genre
Big Sean,No Genre
Austin Cap,No Genre
Tyla Yaweh,melodic rap
MIGHTY WARRIORS,j-rap
Jeremih,No Genre
Speaker Knockerz,No Genre
Stunt Taylor,chicago drill
YG,hyphy
Boslen,No Genre
StaySolidRocky,No Genre
MBNel,No Genre
Juice Music,No Genre
Jaden,No Genre
Bizzy Banks,brooklyn drill
Bizzy Banks,new york drill
Bizzy Banks,drill
Taylor Swift,No Genre
Lil Nas X,No Genre
Anderson .Paak,No Genre
Caramella Girls,nightcore
Caramella Girls,europop
DJ TikTok,funkot
DJ TikTok,koplo
Rizky Ayuba,budots
Rizky Ayuba,anime
Karen Aoki,anime
Geek Music,anime
Sliverk,anime
Miura Jam,anime
Yugo Kanno,anime
Yugo Kanno,soundtrack
batta,anime
batta,j-rock
KJ Balla,brooklyn drill
KJ Balla,new york drill
KJ Balla,drill
POORSTACY,emo rap
POORSTACY,melodic rap
Lil Boom,No Genre
Shayne Orok,anime
Shayne Orok,j-pop
Justin Rarri,melodic rap
Lil Eazzyy,chicago drill
ShooterGang Kony,hyphy
WhoHeem,No Genre
Kane Brown,country
Kane Brown,pop country
Home,vaporwave
Home,synthwave
Home,chillwave
Evade,No Genre
42 Dugg,No Genre
Ben10,No Genre
RL Grime,edm trap
RL Grime,future bass
RL Grime,edm
Cmack,No Genre
Aminé,No Genre
The Weeknd,No Genre
BROCKHAMPTON,No Genre
Miliano,No Genre
Swae Lee,No Genre
TheHxliday,No Genre
Jessie Reyez,No Genre
MASN,No Genre
Rob Curly,No Genre
Lil Gotit,No Genre
SAINt JHN,No Genre
Frank Ocean,No Genre
YK Osiris,No Genre
Jasiah,trap metal
gianni & kyle,No Genre
Styles P,east coast hip hop
Octavian,grime
Octavian,uk grime
Octavian,afroswing
Majid Jordan,No Genre
ILOVEMAKONNEN,No Genre
Action Bronson,east coast hip hop
Stokeswood,No Genre
Nico Vega,southern gothic
The Moth & The Flame,No Genre
Tor Miller,No Genre
Tigertown,No Genre
Grimes,art pop
Chairlift,No Genre
"Now, Now",No Genre
Lizzo,No Genre
Sam Sparro,No Genre
CRO,german hip hop
CRO,german indie
CRO,german pop
CRO,german indie pop
X Ambassadors,No Genre
Shakira,latin pop
Big Gigantic,No Genre
Mobb Deep,old school hip hop
Mobb Deep,east coast hip hop
Mobb Deep,hardcore hip hop
Mobb Deep,hip hop
Mobb Deep,gangster rap
Vintage Lee,No Genre
Sean Paul,dancehall
Joey Bada$$,hip hop
Joey Bada$$,rap
Pi’erre Bourne,melodic rap
BADBADNOTGOOD,No Genre
EARTHGANG,No Genre
T-Pain,No Genre
Calvin Harris,edm
Bravo,No Genre
Q,alternative r&b
Swoosh God,sexy drill
1K Phew,christian hip hop
1K Phew,gospel r&b
1K Phew,christian
1K Phew,rap chrétien
Evil Empire,No Genre
Iamsu!,hyphy
HONEST BOYZ(R),j-rap
Woody Jackson,No Genre
The Heavy,No Genre
Bill Elm & Woody Jackson,No Genre
Rex Allen,traditional country
Daniel Lanois,No Genre
Hans Zimmer,soundtrack
Augusto Martelli,No Genre
TOTO,yacht rock
TOTO,soft rock
THE DU,anime
Hiroaki Tommy Tominaga,anime
Friedrich Habetler,anime
$tupid Young,No Genre
Huncho Jack,No Genre
Eli Fross,brooklyn drill
Eli Fross,new york drill
Eli Fross,drill
BIA,No Genre
PelleK,anime
Leaf Lzz,No Genre
Stunna Gambino,No Genre
Robin Schulz,tropical house
Maroon 5,pop
Z-Flo,No Genre
MKTO,No Genre
Twenty One Pilots,No Genre
Justin Bieber,No Genre
Swedish House Mafia,edm
Flo Rida,No Genre
Armin van Buuren,trance
Armin van Buuren,progressive trance
Armin van Buuren,progressive house
Armin van Buuren,electronica
Armin van Buuren,edm
Mike Posner,No Genre
Selena Gomez,No Genre
The Neighbourhood,No Genre
Justin Timberlake,No Genre
Childish Gambino,No Genre
Ariana Grande,pop
Carly Rae Jepsen,No Genre
Taio Cruz,No Genre
Cody Simpson,No Genre
Nico & Vinz,No Genre
Katy Perry,pop
Macklemore & Ryan Lewis,No Genre
Avril Lavigne,No Genre
Travie McCoy,No Genre
Phillip Phillips,folk pop
Destiny's Child,No Genre
Rascal Flatts,country
Stunna Boy Get Em,No Genre
Yung Hachibi,No Genre
Pressa,No Genre
javeco,No Genre
Nightcore,nightcore
Kid Cudi,No Genre
David Guetta,edm
The Wanted,No Genre
Capital Cities,No Genre
Anna Kendrick,children's music
Backhouse Mike,No Genre
Plain White T's,No Genre
Randy Newman,No Genre
Far East Movement,No Genre
Foster The People,No Genre
Cobra Starship,No Genre
Neon Trees,No Genre
Hot Chelle Rae,No Genre
Rixton,No Genre
Jason Derulo,No Genre
Black Eyed Peas,No Genre
Lupe Fiasco,No Genre
MAGIC!,No Genre
Andy Grammer,No Genre
The All-American Rejects,pop punk
The All-American Rejects,emo
American Authors,No Genre
R. City,No Genre
Milky Chance,No Genre
John Legend,soft pop
John Legend,neo soul
P!nk,No Genre
Panic! At The Disco,emo
Big Time Rush,No Genre
Outasight,No Genre
M83,No Genre
Miley Cyrus,No Genre
Fall Out Boy,emo
Fall Out Boy,pop punk
Fitz and The Tantrums,No Genre
LMFAO,No Genre
TheFatRat,No Genre
Sara Bareilles,No Genre
AJR,No Genre
Cher Lloyd,No Genre
Of Monsters and Men,folk pop
Bridgit Mendler,No Genre
Jennifer Lopez,No Genre
Lady Gaga,art pop
Lady Gaga,pop
Brady,No Genre
Estelle,No Genre
Alicia Keys,r&b
Alicia Keys,neo soul
Meghan Trainor,No Genre
Austin Mahone,No Genre
TobyMac,christian
TobyMac,christian pop
TobyMac,ccm
TobyMac,christian rock
TobyMac,christian hip hop
TobyMac,cedm
TobyMac,worship
TobyMac,christian alternative rock
Sia,No Genre
Tiësto,edm
Tiësto,trance
Tiësto,big room
Tiësto,house
Passenger,folk pop
Hozier,No Genre
Robin Thicke,No Genre
Sam Smith,soft pop
Mark Ronson,No Genre
Zara Larsson,No Genre
Olly Alexander (Years & Years),No Genre
DJ Snake,No Genre
Hailee Steinfeld,No Genre
Jonas Blue,tropical house
ZAYN,No Genre
Rudimental,No Genre
The Band Perry,country
Diddy - Dirty Money,No Genre
Britney Spears,pop
Nelly,No Genre
Christina Perri,soft pop
New Boyz,No Genre
Selena Gomez & The Scene,No Genre
Gotye,No Genre
Kelly Clarkson,christmas
Jason Mraz,soft pop
Jason Mraz,acoustic pop
Alex Clare,No Genre
The Lumineers,folk pop
The Lumineers,indie folk
Jon Pardi,country
Jon Pardi,acoustic country
Nicki Minaj,No Genre
Baauer,edm trap
Florida Georgia Line,country
Florida Georgia Line,pop country
Florida Georgia Line,acoustic country
JAY-Z,hip hop
JAY-Z,east coast hip hop
JAY-Z,rap
will.i.am,No Genre
AWOLNATION,No Genre
Icona Pop,No Genre
Lana Del Rey,No Genre
Mumford & Sons,folk
Mumford & Sons,indie folk
Mumford & Sons,folk rock
Ylvis,No Genre
A Great Big World,No Genre
Idina Menzel,musicals
Disclosure,house
Charli xcx,hyperpop
Charli xcx,art pop
Paramore,pop punk
Paramore,emo
Aloe Blacc,No Genre
Echosmith,No Genre
Martin Garrix,edm
Martin Garrix,electronica
Martin Garrix,progressive house
Naughty Boy,No Genre
Rachel Platten,No Genre
Alessia Cara,No Genre
Portugal. The Man,No Genre
Lil Dicky,No Genre
Nightcore Dreams,nightcore
Daya,No Genre
Popp Hunna,No Genre
Chief Keef,chicago drill
Chief Keef,drill
Ant Saunders,No Genre
Ramz,afroswing
Ramz,grime
blackbear,No Genre
Fun Guns,No Genre
DUSTY LOCANE,brooklyn drill
DUSTY LOCANE,new york drill
DUSTY LOCANE,drill
Mac Miller,No Genre
Rich Gang,No Genre
BigKayBeezy,chicago drill
Jesse McCartney,No Genre
物語シリーズ,anime
物語シリーズ,j-pop
milet,anime
milet,j-pop
milet,j-rock
EDEN,No Genre
ヨルシカ,j-pop
ヨルシカ,j-rock
ヨルシカ,japanese indie
ヨルシカ,anime
EZRA,No Genre
Chipmusic Heroes,anime
HIRAGANA KAMIYADO,anime
Olivia Rodrigo,No Genre
Boney M.,disco
Billy Joel,soft rock
Kardinal Offishall,No Genre
TK from Ling tosite sigure,anime
TK from Ling tosite sigure,j-rock
TK from Ling tosite sigure,j-pop
Jonathan Parecki,anime
Jonathan Parecki,vocaloid
Masatoshi Ono,anime
NIGHTMARE,visual kei
NIGHTMARE,anime
NIGHTMARE,j-rock
Sawano Hiroyuki,anime
Sawano Hiroyuki,soundtrack
Linked Horizon,anime
Linked Horizon,j-pop
YOSHIKI,anime
YOSHIKI,j-rock
YOSHIKI,visual kei
DJ Drewski,brooklyn drill
DJ Drewski,new york drill
Funk Flex,east coast hip hop
Omarion,r&b
Jay Sean,No Genre
Skrillex,dubstep
Skrillex,edm
Skrillex,electro
Skrillex,electronic
Alexandra Stan,europop
Enrique Iglesias,latin pop
Enrique Iglesias,latin
Lost Frequencies,tropical house
Young Money,No Genre
Trey Songz,r&b
Cali Swag District,No Genre
Ludacris,southern hip hop
Timbaland,No Genre
Tinie Tempah,grime
Tim Berg,No Genre
Don Omar,reggaeton
Don Omar,urbano latino
3OH!3,No Genre
Kris Allen,No Genre
K'NAAN,No Genre
The Saturdays,No Genre
Scouting For Girls,No Genre
Two Door Cinema Club,indie
Two Door Cinema Club,indie rock
Sugarland,country
John Mayer,singer-songwriter
Edward Maya,No Genre
INNA,europop
Lil Spacely,aussie drill
Rick Astley,No Genre
Jawsh 685,No Genre
Alok,brazilian bass
Alok,electronic
Alok,slap house
Alok,electro house
Soulja Boy,No Genre
Tm88,No Genre
Juicy J,crunk
Jeremy Zucker,No Genre
Auli'i Cravalho,No Genre
KSI,No Genre
KAROL G,reggaeton
KAROL G,latin
KAROL G,urbano latino
Jessie J,No Genre
Little Mix,No Genre
Doja Cat,No Genre
Liam Payne,No Genre
TUYU,j-pop
TUYU,j-rock
TUYU,vocaloid
Of Mice & Men,metalcore
Of Mice & Men,post-hardcore
Of Mice & Men,screamo
Of Mice & Men,metal
Avenged Sevenfold,metal
Avenged Sevenfold,alternative metal
Slipknot,nu metal
Slipknot,metal
Slipknot,alternative metal
Slipknot,rap metal
Slipknot,heavy metal
Zach Hood,No Genre
Leonz,No Genre
NerdOut,No Genre
Rebecca Zamolo,No Genre
Logan Hugueny-Clark,No Genre
Sparrow Rayne,No Genre
The Living Tombstone,No Genre
ElyOtto,hyperpop
Ultradiox,No Genre
Lil Keed,melodic rap
CMTEN,hyperpop
100 gecs,hyperpop
100 gecs,glitch
Verzache,No Genre
ilyTOMMY,No Genre
Absofacto,No Genre
WILLOW,No Genre
hooligan chase,No Genre
Sueco,No Genre
TOKYO’S REVENGE,No Genre
Harry Styles,No Genre
Freddie Dredd,phonk
Damian Official,No Genre
Rex Orange County,bedroom pop
Savage Garden,No Genre
Spinabenz,No Genre
Lil Tjxy,No Genre
2 Late,new york drill
BØRNS,No Genre
BRS Kash,No Genre
CJ,dembow
Claire Rosinkranz,No Genre
Eduardo Luzquiños,No Genre
Nelly Furtado,No Genre
Tion Wayne,uk drill
Tion Wayne,drill
Tion Wayne,grime
Tion Wayne,uk grime
Tion Wayne,afroswing
Young Stoner Life,No Genre
DJ Rell,No Genre
50 Cent,east coast hip hop
50 Cent,old school hip hop
Fergie,No Genre
Kyary Pamyu Pamyu,j-pop
Kyary Pamyu Pamyu,shibuya-kei
Lilmar,No Genre
Michael Jackson,No Genre
The Jackson 5,motown
The Jackson 5,christmas
10k.Caash,No Genre
Gaten Matarazzo,No Genre
Y2K,No Genre
VGR,No Genre
Tierra Whack,alternative r&b
mxmtoon,bedroom pop
mxmtoon,indie pop
Kahoot!,No Genre
Valee,No Genre
Riton,house
K CAMP,No Genre
ZaeHD & CEO,No Genre
Megan Thee Stallion,No Genre
BeatKing,new orleans bounce
Saweetie,No Genre
Tiagz,dembow belico
Tiagz,electro corridos
SALES,bedroom pop
BENEE,No Genre
Puri,moombahton
Powfu,No Genre
KBFR,No Genre
Avocuddle,lo-fi hip hop
Avocuddle,lo-fi
monte booker,No Genre
Blu DeTiger,No Genre
Sam Fischer,No Genre
Alex Skrindo,No Genre
Vicetone,edm
Ashnikko,No Genre
Rontae Don't Play,No Genre
Conkarah,reggae
$wave,No Genre
Lil Darkie,trap metal
The Dance Queen Group,No Genre
Melanie Martinez,No Genre
L'Trimm,miami bass
Auntie Hammy,No Genre
Kid Francescoli,french indie pop
Special K,No Genre
Curtis Waters,No Genre
Arizona Zervas,No Genre
Surfaces,No Genre
JoeVille,No Genre
Yung Bae,vaporwave
Yung Bae,city pop
Yung Bae,nu disco
Surf Mesa,No Genre
Dixie,No Genre
Speed Gang,No Genre
Kaash Paige,No Genre
Yung Gravy,No Genre
tobi lou,No Genre
Jufu,No Genre
DripReport,No Genre
Peter Kuli,No Genre
iLOVEFRiDAY,No Genre
MadeinTYO,No Genre
Championxiii,No Genre
Chrishan,No Genre
swimcoach,No Genre
Haiti Babii,No Genre
Bhad Bhabie,No Genre
PUBLIC,No Genre
Matthew Wilder,No Genre
Vinny West,hyphy
girl in red,bedroom pop
Supa Dupa Humble,No Genre
Beach Bunny,No Genre
Paul Anka,adult standards
Peachy!,No Genre
LLusion,No Genre
B-Rock & The Bizz,miami bass
Regard,No Genre
Lucian Piane,No Genre
Healy,No Genre
Lonely God,No Genre
Eazy-E,gangster rap
Eazy-E,old school hip hop
Eazy-E,west coast hip hop
Eazy-E,g-funk
Cuco,bedroom pop
Mounika.,lo-fi beats
Kero Kero Bonito,No Genre
ABSRDST,No Genre
The Gregory Brothers,No Genre
Bill Wurtz,No Genre
Huncho,No Genre
Tessa Violet,No Genre
SIX,musicals
Trevor Daniel,No Genre
Bandingo YGNE,No Genre
Shokk,No Genre
Ali Gatie,No Genre
Mac DeMarco,indie
Mac DeMarco,lo-fi indie
Blanco Brown,country hip hop
Blanco Brown,country
The Boyboy West Coast,No Genre
Louie Zong,No Genre
Insane Clown Posse,horrorcore
Insane Clown Posse,rap rock
Chance the Rapper,No Genre
Savage Ga$p,trap metal
Mariah Carey,christmas
Jack Stauber,No Genre
Fly Project,europop
DJ Scheme,No Genre
KRYPTO9095,No Genre
Toby Fox,soundtrack
Engelwood,lo-fi beats
Engelwood,jazz beats
Still Woozy,bedroom pop
Stunna Girl,No Genre
Tyler Cassidy,No Genre
Limbo,No Genre
Killua the Pilgrim,No Genre
420 Unlovable,No Genre
Iceboy Ben,No Genre
Petit Biscuit,No Genre
Flo Milli,No Genre
Yuka Ueno,j-pop
kobasolo,j-pop
JY,j-pop
RADWIMPS,anime
RADWIMPS,j-pop
RADWIMPS,j-rock
Daoko,j-pop
Daoko,anime
Daoko,j-rock
7!!,anime
7!!,j-pop
LiSA,anime
LiSA,j-pop
LiSA,j-rock
Luna Haruna,anime
Luna Haruna,j-pop
Ikimonogakari,anime
Ikimonogakari,j-pop
Ikimonogakari,j-rock
Aqua Timez,anime
Aqua Timez,j-rock
Aqua Timez,j-pop
majiko,j-pop
majiko,anime
majiko,j-rock
back number,j-pop
back number,j-rock
KAWAII BOX,No Genre
Nogizaka46,j-pop
Nogizaka46,anime
Kenshi Yonezu,j-pop
Kenshi Yonezu,anime
Kenshi Yonezu,j-rock
Tate McRae,No Genre
The Vamps,No Genre
Clinton Kane,No Genre
Wallows,indie
Mimi Webb,No Genre
Clairo,bedroom pop
Alvaro Soler,No Genre
SR,uk drill
SR,drill
Central Cee,uk drill
Central Cee,drill
Central Cee,uk grime
Central Cee,grime
Fumez The Engineer,uk drill
Fumez The Engineer,drill
Fumez The Engineer,grime
Fumez The Engineer,uk grime
SoFaygo,rage rap
大橋彩香,anime
ARCANA PROJECT,anime
LIGHT ACLOUD,No Genre
SUDA MASAKI,j-pop
Hinatazaka46,j-pop
ClariS,anime
ClariS,j-pop
Kana Nishino,j-pop
Nulbarich,j-r&b
Nulbarich,city pop
Nulbarich,japanese indie
Nulbarich,j-pop
Superfly,j-pop
GReeeeN,j-pop
Aimyon,j-pop
Bank Band,j-pop
Bank Band,kayokyoku
Masayoshi Yamazaki,j-pop
Masayoshi Yamazaki,kayokyoku
Mr.Children,j-pop
Mr.Children,kayokyoku
Mr.Children,j-rock
AKB48,j-pop
AKB48,c-pop
Sukima Switch,j-pop
Sukima Switch,anime
Mika Nakashima,j-pop
Mika Nakashima,anime
Mika Nakashima,j-r&b
MONGOL800,j-pop
MONGOL800,j-rock
MONGOL800,melodic hardcore
JUJU,j-pop
JUJU,kayokyoku
JUJU,j-r&b
Sheena Ringo,j-pop
Sheena Ringo,j-rock
Sheena Ringo,art pop
Ai Otsuka,j-pop
Che'Nelle,j-pop
Che'Nelle,j-r&b
Aimer,anime
Aimer,j-pop
Aimer,j-rock
X JAPAN,visual kei
X JAPAN,j-rock
X JAPAN,j-pop
Fumiya Fujii,kayokyoku
Fumiya Fujii,j-pop
Kazuyoshi Saito,j-pop
Kazuyoshi Saito,kayokyoku
Kazuyoshi Saito,j-rock
Shota Shimizu,j-pop
Shota Shimizu,j-r&b
ASIAN KUNG-FU GENERATION,j-rock
ASIAN KUNG-FU GENERATION,anime
ASIAN KUNG-FU GENERATION,j-pop
GOING STEADY,melodic hardcore
GOING STEADY,j-rock
GOING STEADY,j-pop
BoA,k-pop
BoA,j-pop
BoA,j-r&b
Motohiro Hata,j-pop
Motohiro Hata,anime
Hanako Oku,j-pop
MACO,j-r&b
MACO,j-pop
Ohashi Trio,japanese indie
Ohashi Trio,j-pop
ONE OK ROCK,j-rock
ONE OK ROCK,j-pop
T.M.Revolution,anime
T.M.Revolution,j-rock
T.M.Revolution,j-pop
SPEED,j-pop
SPEED,kayokyoku
SPEED,j-r&b
Masaharu Fukuyama,j-pop
Masaharu Fukuyama,kayokyoku
Quruli,j-rock
Quruli,japanese indie
Quruli,j-pop
Quruli,shibuya-kei
Kohmi Hirose,kayokyoku
Kohmi Hirose,j-pop
GING NANG BOYZ,j-rock
GING NANG BOYZ,melodic hardcore
GING NANG BOYZ,j-pop
GING NANG BOYZ,japanese indie
Lefty Hand Cream,j-pop
Social House,No Genre
Ben E. King,No Genre
347aidan,No Genre
Pnb Meen,No Genre
Laura Shigihara,No Genre
平田志穂子,japanese vgm
Dan Salvato,No Genre
K0i,No Genre
Video Game Music Box,No Genre
Qumu,No Genre
Dream,No Genre
JT Music,No Genre
Yung Bleu,No Genre
$NOT,No Genre
Josh Turner,country
Josh Turner,christian country
Luke Combs,country
Drew Holcomb & The Neighbors,christian folk
Dylan Scott,country
Elton John,No Genre
Jordan Smith,christmas
Chicago,yacht rock
Chicago,soft rock
Caroline Glaser,folk pop
Cassadee Pope,No Genre
Chris Jamison,No Genre
Deanna Johnson,No Genre
Big Boss Vette,No Genre
Benny Benassi,electro house
JP Saxe,No Genre
Ashe,No Genre
Jake Miller,No Genre
The Cinematic Orchestra,nu jazz
The Cinematic Orchestra,downtempo
Kina,No Genre
TELYKAST,No Genre
Ir Sais,kizomba
Dennis Kruissen,No Genre
Jordin Sparks,No Genre
Princess Nokia,No Genre
Mighty Bay,No Genre
King Critical,No Genre
John Newman,No Genre
potsu,lo-fi
Maxine Nightingale,No Genre
The Lonely Island,comedy
Bobby Darin,big band
Bobby Darin,adult standards
Bobby Darin,swing music
Bobby Darin,doo-wop
The Beatles,classic rock
The Beatles,psychedelic rock
Tears For Fears,new wave
Tears For Fears,synthpop
Backstreet Boys,No Genre
Oasis,britpop
Oasis,madchester
*NSYNC,No Genre
Glee Cast,christmas
Lewis Tru,christian hip hop
Bebe Rexha,No Genre
James Arthur,soft pop
Mario,r&b
Sam Hunt,country
Sam Hunt,pop country
Jocelyn Alice,No Genre
Nick Jonas,No Genre
Beyoncé,No Genre
August Alsina,r&b
yaeow,No Genre
RAYE,No Genre
Gabrielle Aplin,No Genre
StreamBeats by Harris Heller,lo-fi
StreamBeats by Harris Heller,synthwave
Weezer,alternative rock
Thom Yorke,No Genre
Gorillaz,No Genre
BTS,k-pop
Marshmello,edm
Maggie Lindemann,No Genre
IDK,No Genre
NGeeYL,No Genre
CHIKA,alternative r&b
Gwen Stefani,No Genre
Samm Henshaw,No Genre
Gavin Haley,No Genre
THE ANXIETY,No Genre
Ava Max,No Genre
Scorey,melodic rap
Bastille,No Genre
Tame Impala,neo-psychedelic
Tame Impala,indie
PinkPantheress,bedroom pop
Nirvana,grunge
Nirvana,rock
MAD SNAX,slap house
Jena Rose,No Genre
Tesher,No Genre
SOMMA,deep house
SOMMA,afro house
Cochise,rage rap
Alfons,epadunk
Alfons,melbourne bounce
Raaban,No Genre
Emotional Oranges,indie r&b
Yohan Gerber,slap house
Alex Alexander,tropical house
Reyanna Maria,No Genre
Måneskin,No Genre
Trinidad Cardona,No Genre
Bella Poarch,No Genre
NATTI NATASHA,reggaeton
NATTI NATASHA,latin
NATTI NATASHA,urbano latino
NATTI NATASHA,bachata
Sally Sossa,No Genre
Bas,No Genre
Rexx Life Raj,No Genre
Kota the Friend,No Genre
$ilkMoney,No Genre
The Game,west coast hip hop
The Game,gangster rap
The Game,hip hop
T.I.,southern hip hop
Ying Yang Twins,crunk
Ying Yang Twins,southern hip hop
Ty Dolla $ign,trap soul
Elderbrook,No Genre
Jibbs,crunk
Teriyaki Boyz,No Genre
Master KG,amapiano
Master KG,gqom
Master KG,afrobeats
Eiffel 65,eurodance
Eiffel 65,europop
Eiffel 65,italo dance
Lukas Graham,dansk pop
Whitney Houston,No Genre
Shaggy,reggae
Vanessa Carlton,No Genre
Green Day,punk
Green Day,pop punk
Cyndi Lauper,No Genre
Jidenna,No Genre
Fifth Harmony,No Genre
Lewis Capaldi,soft pop
Toosii,No Genre
tapzmods,No Genre
Dan + Shay,country
JADE MOSS,No Genre
Band of Silver,No Genre
PLVTINUM,dark r&b
Olly Murs,No Genre
Dancody,No Genre
Jay Copes,No Genre
The B-52's,new wave
The B-52's,post-punk
Flo Gallop,No Genre
A!MS,No Genre
Kyle The Hooligan,No Genre
Johnny Icon,No Genre
SAYGRACE,No Genre
Galantis,No Genre
Joel Corry,dance pop
Ozuna,reggaeton
Ozuna,trap latino
Ozuna,latin
Ozuna,urbano latino
Josefine,No Genre
vaultboy,No Genre
Sami Thompson,No Genre
45 PESO,No Genre
Black Caviar,No Genre
Manic Drive,cedm
Manic Drive,christian pop
Manic Drive,christian rock
Manic Drive,christian alternative rock
Manic Drive,christian
Morris Madrone,No Genre
Karin Ann,No Genre
Yung Pooda,No Genre
City Rominiecki,No Genre
J.W. Cudd,No Genre
Steve Reason,afro house
Naeleck,electro house
Naeleck,hypertechno
Elle King,No Genre
Evan Crommett,No Genre
PETER LAKE,No Genre
Raiigh,No Genre
UNSECRET,No Genre
Felicia Lu,No Genre
Mr. Probz,No Genre
gnash,No Genre
Karmin,No Genre
Gavin DeGraw,No Genre
The Fray,No Genre
The Killers,alternative rock
GROUPLOVE,indie
Sheppard,No Genre
Natasha Bedingfield,No Genre
Snow Patrol,No Genre
La Roux,No Genre
Martin Solveig,french house
MGMT,indie
Keane,No Genre
Bad Meets Evil,No Genre
Linkin Park,nu metal
Linkin Park,rap metal
Linkin Park,rock
Linkin Park,alternative metal
Anthem Lights,No Genre
MidnightDrives,No Genre
omgkirby,No Genre
Colbie Caillat,No Genre
Metro Station,No Genre
Jonas Brothers,No Genre
Jack Ü,No Genre
George Ezra,No Genre
Daniel Powter,No Genre
Corinne Bailey Rae,No Genre
Leona Lewis,No Genre
Alesso,edm
aghast,hyperpop
Grateful Dead,jam band
Grateful Dead,psychedelic rock
Grateful Dead,acid rock
The Rolling Stones,classic rock
The Rolling Stones,rock
Sticky Fingers,surf rock
Aerosmith,classic rock
Aerosmith,rock
Angèle Dubeau,classical
Angèle Dubeau,minimalism
The Notorious B.I.G.,old school hip hop
The Notorious B.I.G.,gangster rap
The Notorious B.I.G.,east coast hip hop
The Notorious B.I.G.,hip hop
Matoma,tropical house
Solange,alternative r&b
Solange,neo soul
Tonight Alive,pop punk
Adam Hicks,No Genre
Naomi Scott,No Genre
Cast Of Camp Rock,No Genre
Zac Efron,musicals
Austin Moon,No Genre
Christina Milian,No Genre
Olivia Holt,No Genre
Cast - Liv and Maddie,No Genre
Zendaya,No Genre
Forever in Your Mind,No Genre
Victorious Cast,No Genre
Bowling For Soup,pop punk
Bowling For Soup,punk
Andi Mack,No Genre
Kevin Quinn,christian
Kevin Quinn,christian pop
Miranda Cosgrove,No Genre
China Anne McClain,No Genre
Debby Ryan,No Genre
Bella Thorne,No Genre
Rowan Blanchard,No Genre
Troy,No Genre
High School Musical Cast,No Genre
TV Theme Band,No Genre
Franklin the Turtle,No Genre
The Wiggles,children's music
The Wiggles,lullaby
TV Tunesters,No Genre
KEVVO,reggaeton
Gladys Knight & The Pips,motown
Gladys Knight & The Pips,classic soul
Gladys Knight & The Pips,soul
Gladys Knight & The Pips,northern soul
Witt Lowry,No Genre
R. Kelly,r&b
"Earth, Wind & Fire",funk
"Earth, Wind & Fire",disco
Quad City DJ's,miami bass
Radical Face,indie folk
"Grover Washington, Jr.",soul jazz
"Grover Washington, Jr.",smooth jazz
OMC,No Genre
Dreamer Isioma,alternative r&b
BBY KODIE,No Genre
Ricky Dillard & New G,gospel
Ricky Dillard & New G,worship
Mr_hotspot,No Genre
Strawberry Guy,bedroom pop
Aly & AJ,No Genre
Erica Banks,No Genre
Baby Tate,No Genre
Ryn Weaver,No Genre
Shy Glizzy,No Genre
love shayla,No Genre
DJ Chose,No Genre
Yo Gotti,southern hip hop
Duomo,No Genre
Kungs,No Genre
Phoebe Bridgers,No Genre
Ori Rose,No Genre
Bon Iver,No Genre
boy pablo,bedroom pop
Rah Swish,brooklyn drill
Rah Swish,new york drill
Rah Swish,drill
keshi,No Genre
Glass Animals,No Genre
Empire Of The Sun,No Genre
88rising,No Genre
Samsa,No Genre
Zen.,No Genre
Joji,No Genre
ABRA,alternative r&b
Zac Brown Band,country
Zac Brown Band,acoustic country
HONNE,No Genre
MONSTA X,k-pop
MONSTA X,noise music
Eyedress,No Genre
Love Regenerator,No Genre
Ambar Lucid,latin indie
Ambar Lucid,bedroom pop
khai dreams,No Genre
Tevvez,hardstyle
iKON,k-pop
Lil Tjay ft Tj Porter,No Genre
NEIKED,No Genre
23 Unofficial,afroswing
23 Unofficial,grime
23 Unofficial,uk grime
23 Unofficial,uk r&b
6LACK,No Genre
Gyptian,dancehall
Gyptian,reggae
Gyptian,soca
Gyptian,lovers rock
Gyptian,ragga
Nafe Smallz,grime
Nafe Smallz,uk grime
Nafe Smallz,afroswing
lil ricefield,No Genre
Anatolian Sessions,organic house
Anatolian Sessions,tribal house
天音かなた,No Genre
All Time Low,pop punk
All Time Low,emo
All Time Low,punk
GAYLE,No Genre
DREAMERS,No Genre
jxdn,pop punk
YUNGBLUD,No Genre
Oliver Tree,No Genre
renforshort,No Genre
Bishop Nehru,No Genre
JERREAU,No Genre
Angel The God,No Genre
BANNERS,No Genre
Wayfarers,No Genre
Christian Leave,No Genre
Etta James,soul
Etta James,jazz blues
Etta James,soul blues
Etta James,blues
Etta James,vocal jazz
Kodaline,No Genre
j'san,lo-fi
j'san,lo-fi beats
j'san,lo-fi hip hop
boyhood.,No Genre
badly,No Genre
Ricky Montgomery,No Genre
Kuwada,No Genre
A-Wall,bedroom pop
guardin,emo rap
nbmusic,No Genre
Brent Faiyaz,r&b
Skyler Wind,No Genre
Johnny Orlando,No Genre
KIAN,No Genre
John K,No Genre
prxz,lo-fi
Ruel,No Genre
grentperez,No Genre
Tai Verdes,No Genre
Tom Walker,No Genre
Alexander 23,No Genre
Julia Michaels,No Genre
Dean Lewis,No Genre
Skylar Simone,No Genre
James Blunt,No Genre
AURORA,norwegian pop
AURORA,art pop
Mark Mendy,No Genre
JP Cooper,No Genre
Omar Apollo,bedroom pop
Freya Ridings,No Genre
MAX,No Genre
Calum Scott,soft pop
Joel Adams,No Genre
Noah Kahan,No Genre
Forrest.,No Genre
DEAN,k-rap
DEAN,k-pop
Saint Motel,No Genre
たかやん,j-pop
たかやん,j-rap
たかやん,japanese indie
Scissor Sisters,No Genre
Studio Killers,No Genre
Sage The Gemini,hyphy
The Good Husbands,No Genre
Nabes,No Genre
Ocean Park Standoff,No Genre
Holy Mattress Money,No Genre
Jonny Glenn,No Genre
Burna Boy,afrobeats
Burna Boy,afrobeat
Burna Boy,afropop
Burna Boy,afroswing
Burna Boy,dancehall
Burna Boy,afropiano
Kid Quill,No Genre
Hoodie Allen,No Genre
Jonah Renna,No Genre
Shoffy,No Genre
Luke Christopher,No Genre
Bryce Vine,No Genre
MILES,No Genre
Bazanji,No Genre
Brendan Bennett,No Genre
Kurt Hugo Schneider,No Genre
The Wombats,indie
WizTheMc,No Genre
COIN,No Genre
Grady,No Genre
Blake and Miles,No Genre
almost monday,No Genre
Peach Tree Rascals,No Genre
ROLE MODEL,bedroom pop
Ritt Momney,bedroom pop
Soran,No Genre
Ruth B.,No Genre
Rence,No Genre
Dayglow,indie rock
david hugo,No Genre
Bazzi vs.,No Genre
Ūla,No Genre
HARBOUR,No Genre
New Rules,No Genre
Joshua Bassett,No Genre
JK Jones,No Genre
LAUNDRY DAY,bedroom pop
The Mowgli's,No Genre
Paycheck,No Genre
KAYDEN,No Genre
Val Fritz,No Genre
young friend,No Genre
Blanks,No Genre
Kid Travis,No Genre
THE DRIVER ERA,No Genre
New Parlor,No Genre
Sarcastic Sounds,lo-fi
Conan Gray,No Genre
NVTHVN,No Genre
Rory Webley,No Genre
New Friends,No Genre
Sneaky Peaches and the Fuzz,No Genre
Lui Joseph,No Genre
Thomas Headon,No Genre
Valley,No Genre
Ellie Williams,No Genre
sammy rash,No Genre
The Wldlfe,No Genre
nodisco.,No Genre
Slush Puppy,No Genre
Aidan Bissett,No Genre
JayXander,No Genre
Soul Fro,No Genre
Nic D,No Genre
Free Arlo,No Genre
Sam Soto,No Genre
Don Diablo,future house
Don Diablo,edm
Alexa Cappelli,No Genre
Why Don't We,No Genre
JVKE,No Genre
Hannah Montana,No Genre
sam.sts,bedroom pop
Jacob Noah,No Genre
Kenny Elrod,No Genre
Maude Latour,indie pop
G Flip,No Genre
KiD RAiN,No Genre
Arden Jones,No Genre
Sara Kays,No Genre
Christian French,No Genre
Ryan Woods,No Genre
papichuloteej,No Genre
Early Eyes,No Genre
Satchy,No Genre
No Vacation,bedroom pop
No Vacation,dream pop
Current Joys,lo-fi indie
The Walters,No Genre
Good Morning,lo-fi indie
Good Morning,bedroom pop
Men I Trust,bedroom pop
Men I Trust,indie pop
Clarence James,No Genre
Kuzu Mellow,No Genre
Ollie MN,No Genre
Frances Forever,bedroom pop
TEMPOREX,bedroom pop
Vampire Weekend,indie
Vampire Weekend,baroque pop
Gus Dapperton,bedroom pop
"Dream, Ivory",No Genre
carpetgarden,No Genre
Odd Sweetheart,No Genre
Yot Club,bedroom pop
Memo Boy,No Genre
Summer Salt,No Genre
Bad Suns,No Genre
Vacations,No Genre
Grouper,drone
Grouper,slowcore
Grouper,ambient
Grouper,dream pop
Beach House,dream pop
TV Girl,No Genre
The Memories,No Genre
Banes World,bedroom pop
Banes World,lo-fi indie
Staffan Carlén,No Genre
Joy Again,No Genre
Steve Lacy,No Genre
dsiboys,No Genre
Worn-Tin,No Genre
Mitski,No Genre
Jake Scott,No Genre
Luke Benward,No Genre
Scarlet Drive,No Genre
marcos g,No Genre
Hudson Thames,No Genre
Half the Animal,No Genre
Lexi Jayde,No Genre
Goody Grace,No Genre
Ben Chandler,No Genre
Silver Warehouse,No Genre
The Millennial Club,No Genre
Cherry Pools,No Genre
Chase Atlantic,No Genre
Crash Adams,No Genre
Olivia O'Brien,No Genre
The True Blue,No Genre
The Wrecks,No Genre
The Band CAMINO,No Genre
Gold Revere,No Genre
Jack House,hyperpop
Jack House,glitch
Chris Wallace,No Genre
Will Joseph Cook,No Genre
OK Houston,No Genre
Christopher Fitzgerald,musicals
awfultune,No Genre
The Boy from the South,No Genre
Jan Metternich,No Genre
sundial,No Genre
CKay,afrobeats
CKay,afrobeat
CKay,afro r&b
CKay,afropop
Gavin James,No Genre
Ron Pope,No Genre
Jack & Jack,No Genre
Queen,classic rock
Queen,rock
Queen,glam rock
Lord Huron,No Genre
Alex & Sierra,No Genre
Noah Cyrus,No Genre
Bright Eyes,indie folk
Kate Brunotts,ballroom vogue
Jack Rasmussen,No Genre
Presley River,No Genre
RAMES,No Genre
DENIO,No Genre
Lady Silver,No Genre
Ries Brothers,reggae rock
Ries Brothers,modern blues
THE JACKS,No Genre
THREE OF THE FIVE,No Genre
The Rills,No Genre
Cat Power,slowcore
Cat Power,singer-songwriter
The Wannadies,britpop
The Kooks,indie
The Kooks,indie rock
King No-One,No Genre
Mumm-ra,No Genre
Sinplus,No Genre
Single By Sunday,No Genre
Local Nomad,No Genre
Bits in Pockets,No Genre
Jack Johnson,surf rock
Sufjan Stevens,baroque pop
Arctic Monkeys,indie
Arctic Monkeys,garage rock
Florence + The Machine,baroque pop
Drawing Room,No Genre
The Mercy Stone,No Genre
Tom Odell,No Genre
telco,indie folk
Lil' Troy,southern hip hop
Tione Jayden,No Genre
Puzzle,No Genre
Gabriela Bee,No Genre
Alec Benjamin,No Genre
Declan McKenna,No Genre
Ryan Beatty,No Genre
D-Block Europe,grime
D-Block Europe,uk drill
Doe Boy,No Genre
LilJJ,No Genre
Mitch James,No Genre
Dominic Fike,No Genre
Current Blue,bedroom pop
atlas,No Genre
Kaz Moon,No Genre
HUNNY,indie pop
Atwood,No Genre
Bennett Coast,No Genre
HOAX,No Genre
Your Neighbors,No Genre
Marc Wavy,No Genre
Forrest Nolan,bedroom pop
Jelani Aryeh,No Genre
Ryan Leahan,No Genre
X Lovers,No Genre
Ian Hugel,No Genre
The Ugly Boys,No Genre
Beach Weather,No Genre
Fiji Blue,No Genre
Luke Bryan,country
Luke Bryan,acoustic country
Robyn Ottolini,No Genre
Lee Brice,country
Lee Brice,acoustic country
John Denver,folk
Jason Aldean,country
Jason Aldean,acoustic country
Dierks Bentley,country
Diplo,moombahton
Gabby Barrett,country
Chris Stapleton,country
Chris Stapleton,outlaw country
Mr. Gun,No Genre
Brett Young,country
Cole Gallagher,No Genre
The Macarons Project,No Genre
Mikaela Astel,No Genre
Regina Love,No Genre
Keith Urban,country
Darius Rucker,country
Shania Twain,country
Kid Rock,No Genre
Thomas Rhett,country
Thomas Rhett,acoustic country
Thomas Rhett,pop country
Alan Jackson,country
Alan Jackson,christian country
Alan Jackson,classic country
Brad Paisley,country
Lady A,country
Lady A,pop country
Steve Earle,alt country
Steve Earle,outlaw country
Steve Earle,americana
Steve Earle,country rock
Little Big Town,country
Midland,country
Midland,honky tonk
Blake Shelton,country
Dustin Lynch,country
Dustin Lynch,acoustic country
Morgan Wallen,country
Billy Currington,country
Billy Currington,acoustic country
Chris Janson,country
LANCO,country
Aaron Lewis,outlaw country
Aaron Lewis,country
Jimmy Buffett,No Genre
Nitty Gritty Dirt Band,bluegrass
Nitty Gritty Dirt Band,country rock
Nitty Gritty Dirt Band,country
Nitty Gritty Dirt Band,classic country
Jake Owen,country
Jake Owen,acoustic country
Kenny Chesney,country
Big & Rich,country
Travis Tritt,classic country
Travis Tritt,country
Travis Tritt,outlaw country
Travis Tritt,traditional country
Uncle Kracker,No Genre
The Deep Dixie Boys,No Genre
Brooks Jefferson,country
Brooks Jefferson,classic country
Cash Cash,edm
Tim McGraw,country
Tim McGraw,classic country
Brantley Gilbert,country
Brantley Gilbert,country rock
Brantley Gilbert,country hip hop
Brantley Gilbert,acoustic country
Frankie Ballard,country
Frankie Ballard,acoustic country
BRELAND,country
BRELAND,country hip hop
Hunter Hayes,country
Eric Church,country
Eric Church,acoustic country
Trailer Choir,country hip hop
Waylon Jennings,outlaw country
Waylon Jennings,classic country
Waylon Jennings,country
Waylon Jennings,honky tonk
Waylon Jennings,traditional country
Jerrod Niemann,country
Jerrod Niemann,acoustic country
Granger Smith,country
Granger Smith,texas country
Granger Smith,red dirt
Granger Smith,country hip hop
Granger Smith,acoustic country
Darryl Worley,country
Rodney Atkins,country
Rodney Atkins,acoustic country
Mary J. Blige,r&b
offonoff,k-rap
Matt Maltese,No Genre
fern,No Genre
Nardo Wick,No Genre
Journey,aor
Journey,classic rock
Radiohead,art rock
Radiohead,alternative rock
Freddie Mercury,No Genre
LISA,k-pop
Louis The Child,No Genre
Peach Pit,No Genre
jagger finn,No Genre
Cage The Elephant,No Genre
Dre A.M.,No Genre
The Big 80s Guys,No Genre
"Joe ""Bean"" Esposito",No Genre
Beach Fossils,dream pop
Beach Fossils,surf rock
Beach Fossils,shoegaze
Peter McPoland,No Genre
Tim Hicks,country
Take Me To Your Best Friends House,No Genre
Skylar Grey,No Genre
The Highwaymen,outlaw country
The Highwaymen,classic country
The Highwaymen,country
Rocco DeLuca,No Genre
D'Angelo,neo soul
So Far So Good,No Genre
Diamond Rio,classic country
Diamond Rio,country
Cole Swindell,country
Cole Swindell,acoustic country
Cannon,No Genre
Culture Jam,No Genre
Briston Maroney,No Genre
Crisaunt,bedroom pop
Crumb,neo-psychedelic
Crumb,bedroom pop
JAWNY,bedroom pop
Blxst,No Genre
Tobias Dray,No Genre
MARINA,No Genre
Ingrid Michaelson,No Genre
Jake Banfield,No Genre
Maddie Zahm,No Genre
Phil Good,No Genre
Brooke Alexx,No Genre
Jacob Sigman,No Genre
Paravi,No Genre
Dove Cameron,No Genre
William Hinson,No Genre
Michael Cera,No Genre
Kevin Walkman,No Genre
The Frights,surf rock
The Frights,garage rock
Christopher Jackson,musicals
Colony House,No Genre
DeJ Loaf,No Genre
Larry June,No Genre
Daryl Hall & John Oates,yacht rock
Daryl Hall & John Oates,soft rock
Weston Estate,No Genre
Her's,indie
Ghostland Observatory,No Genre
GIVĒON,r&b
Kmo,No Genre
Pink Floyd,progressive rock
Pink Floyd,psychedelic rock
Pink Floyd,classic rock
Pink Floyd,art rock
Pink Floyd,rock
Duckwrth,No Genre
Mohombi,No Genre
Juan Magán,reggaeton
Juan Magán,latin
Mr. P,afrobeats
Mr. P,afrobeat
Mr. P,afropop
Chri$tian Gate$,No Genre
Lucus,No Genre
Kidd G,country hip hop
Kidd G,country
The Rare Occasions,No Genre
Lonr.,No Genre
Kamaiyah,hyphy
Mak Sauce,No Genre
iLL Wayno,No Genre
King Staccz,No Genre
Ava MakeBelieve,No Genre
Likybo,No Genre
Cookiee Kawaii,jersey club
Cookiee Kawaii,baltimore club
Cookiee Kawaii,ballroom vogue
Dominic Cooper,musicals
Mary Mary,gospel
Mary Mary,gospel r&b
Cigarettes After Sex,dream pop
LMB DG,No Genre
Wizkid,afrobeats
Wizkid,afrobeat
Wizkid,afropop
Wizkid,azonto
Wizkid,afroswing
Wizkid,afro r&b
Wizkid,afropiano
Zanski,No Genre
TWICE,k-pop
BLACKPINK,k-pop
Johnny Cash,classic country
Johnny Cash,outlaw country
Johnny Cash,country
Céline Dion,variété française
TracK V,No Genre
Chitose Morinaga,No Genre
Epic Rap Battles of History,comedy
PENTAGON,k-pop
Red Velvet,k-pop
DAY6,k-rock
DAY6,k-pop
2 Chainz,southern hip hop
2 Chainz,rap
No Rome,No Genre
Waterparks,pop punk
Foo Fighters,rock
Foo Fighters,post-grunge
Foo Fighters,alternative rock
Foo Fighters,grunge
Jimmy Eat World,emo
Jimmy Eat World,pop punk
blink-182,pop punk
blink-182,punk
blink-182,rock
blink-182,skate punk
blink-182,emo
Bruno Major,No Genre
Betcha,No Genre
Cassidi,No Genre
Macklemore,No Genre
Surf Curse,indie
The Japanese House,No Genre
Mother Mother,No Genre
The Struts,glam rock
Vundabar,No Genre
Local Natives,No Genre
SkullKidd,midwest emo
Offset,No Genre
DPR LIVE,k-rap
Chelsea Cutler,No Genre
Carrie Underwood,country
H2O Hadd,No Genre
Bryson Tiller,trap soul
Bryson Tiller,r&b
Madison Beer,No Genre
1990nowhere,No Genre
Mind’s Eye,No Genre
love-sadKID,No Genre
Brendan,No Genre
Gaeko,k-rap
Miso,No Genre
Gaho,soundtrack
SHIGEO SEKITO,jazz fusion
SEGA SOUND TEAM,japanese vgm
SEGA SOUND TEAM,soundtrack
Michael Bublé,christmas
Clubhouse,No Genre
pH-1,k-rap
RM,k-pop
RM,k-rap
Hott Headzz,No Genre
Kofi,No Genre
AJ Mitchell,No Genre
NO1-NOAH,trap soul
SHY!,No Genre
Courtney Santana,No Genre
4Fargo,No Genre
SoMo,No Genre
MICO,No Genre
JOEY DJIA,No Genre
Bobby Helms,christmas
Bobby Helms,villancicos
Wham!,christmas
Brian McKnight Jr.,No Genre
Tori Kelly,No Genre
Pentatonix,christmas
Band Aid,christmas
Jay Park,k-rap
Jay Park,k-pop
Hoody,k-rap
NCT U,k-pop
NCT U,noise music
TOMORROW X TOGETHER,k-pop
Troye Sivan,No Genre
HYUKOH,k-rock
HYUKOH,k-ballad
kelseydog,No Genre
toastool,No Genre
Alex G,No Genre
cupcakKe,No Genre
B-Lovee,new york drill
B-Lovee,drill
B-Lovee,brooklyn drill
B-Lovee,sexy drill
LulJaime,No Genre
Yeat,rage rap
SOLE,k-rap
BIGBANG,k-pop
BOL4,k-pop
BOL4,k-ballad
Ricky Martin,latin pop
Ricky Martin,latin
brb.,No Genre
TAEMIN,k-pop
bbno$,No Genre
Illijah,No Genre
Scary Pockets,funk
Scary Pockets,retro soul
Touliver,v-pop
Touliver,vietnamese hip hop
Touliver,vinahouse
Touliver,vietnam indie
Rancid Eddie,No Genre
Curlybamm,No Genre
3xbravo,No Genre
Bryce Xavier,No Genre
Dryboy,No Genre
B.O.G Rell,No Genre
Belly,No Genre
NF,christian hip hop
Elko,emo rap
Earthquake Lights,No Genre
Dario Lessing,lo-fi
Ivan B,No Genre
ODESZA,chillwave
ODESZA,chillstep
XYLØ,No Genre
Saib,lo-fi
Saib,lo-fi beats
Saib,jazz house
Saib,lo-fi hip hop
Saib,jazz beats
Shaun D,No Genre
Passion Pit,indie
Stephen,No Genre
Low Hum,No Genre
LUCKY TAPES,japanese indie
LUCKY TAPES,j-r&b
LUCKY TAPES,city pop
LUCKY TAPES,j-pop
Stray Kids,k-pop
Stray Kids,noise music
STAYC,k-pop
Dro Kenji,melodic rap
Dro Kenji,emo rap
NCT 2021,k-pop
1TEAM,k-pop
NCT DREAM,k-pop
NCT DREAM,noise music
ENHYPEN,k-pop
BE'O,k-rap
ZICO,k-rap
ZICO,k-pop
ITZY,k-pop
JEON SOMI,k-pop
NCT 127,k-pop
NCT 127,noise music
P1Harmony,k-pop
P1Harmony,noise music
CHANYEOL,k-pop
Weeekly,k-pop
IZ*ONE,k-pop
Jay Bezzy,brooklyn drill
Hoobastank,nu metal
Daniel Caesar,No Genre
Loud Luxury,No Genre
Raiden,No Genre
JUNNY,k-rap
HENRY,k-pop
HENRY,k-ballad
BAEKHYUN,k-pop
BAEKHYUN,k-ballad
Mooski,No Genre
Rowdy Rebel,brooklyn drill
Rowdy Rebel,new york drill
Rasandra,No Genre
MIKE DEAN,No Genre
EXO,k-pop
EXO-K,k-pop
TOMORO,No Genre
Paper Route,christian rock
Paper Route,christian alternative rock
Childish Major,No Genre
Frisco,grime
Frisco,uk grime
King Krule,No Genre
Mike Jones,southern hip hop
Mike Jones,crunk
Lee Bezel,No Genre
Smoke DZA,No Genre
JID,No Genre
Jay Prince,No Genre
Bad Bunny,reggaeton
Bad Bunny,trap latino
Bad Bunny,urbano latino
Bad Bunny,latin
BLESSED,No Genre
Campfire,No Genre
Pardison Fontaine,No Genre
Anonymuz,No Genre
Fourtee,No Genre
Dreezy,No Genre
Run The Jewels,hip hop
Pesukone,No Genre
S productions,No Genre
SongBot,No Genre
Saba,No Genre
The Vaccines,indie
The Vaccines,indie rock
Peter Bjorn and John,indie
Hotel Ugly,No Genre
BEAUTY SCHOOL DROPOUT,No Genre
The Kinks,proto-punk
The Kinks,baroque pop
Rhye,No Genre
Kay Flock,new york drill
Kay Flock,drill
Kay Flock,brooklyn drill
LilBuckss,No Genre
Kehlani,No Genre
Johnny Mathis,christmas
Dean Martin,christmas
Dean Martin,adult standards
Dean Martin,big band
Dean Martin,swing music
Thurl Ravenscroft,christmas
Bing Crosby,christmas
HoodRich Pablo Juan,No Genre
Tritonal,edm
Tritonal,progressive house
Tritonal,progressive trance
Xavier Wulf,cloud rap
Xavier Wulf,underground hip hop
Xavier Wulf,emo rap
Bass Santana,No Genre
Bring Me The Horizon,metalcore
Bring Me The Horizon,emo
Bring Me The Horizon,screamo
Bring Me The Horizon,rock
Bring Me The Horizon,post-hardcore
I Prevail,metalcore
I Prevail,metal
GANK,No Genre
astra!,No Genre
23drew$ki,No Genre
Kunning Fox,No Genre
Braxton Burks,orchestral
Arcade Player,No Genre
Tristan D. Perez,No Genre
The Greatest Bits,No Genre
Typhillosion,anime
Pokémon,anime
Chippy Bits,lo-fi
HoopsandHipHop,lo-fi
Walk off the Earth,No Genre
Video Games Theme,No Genre
insaneintherainmusic,jazz
Darren Ang,No Genre
Pokérus Project,lo-fi
Collosia,lo-fi
Jonathan Aldrich,No Genre
A-bug,lo-fi
Aries,No Genre
Finn Askew,No Genre
VÉRITÉ,No Genre
The Alan Parsons Project,progressive rock
The Alan Parsons Project,classic rock
Scorpions,hard rock
Scorpions,glam metal
Scorpions,rock
The Shelters,No Genre
Eric B. & Rakim,old school hip hop
Eric B. & Rakim,east coast hip hop
Eric B. & Rakim,hip hop
Cousin Stizz,No Genre
Shy Luv,No Genre
Onyx,east coast hip hop
Onyx,hardcore hip hop
Onyx,old school hip hop
Linda Lind,No Genre
Salmo,italian trap
Take a Mic,french rap
Roosevelt,nu disco
ILLSON,k-rap
Carlos Jean,No Genre
EMoneyOne11,No Genre
